Rank,Mark,Wind,Competitor,DOB,Nationality,Position,Venue,Date,Result Score,Discipline,Type,Gender,Age Category,normalized_discpline,track_field,mark_numeric,venue_country_code,age_at_event,season
1,2:03.42,,Jamaica U18,,JAM,1,Lille (FRA),2011-07-10,,medley-relay,relays,female,u18,medley-relay,track,123.42,FRA,,2011
2,2:03.83,,United States U18,,USA,1,Debrecen (HUN),2001-07-15,,medley-relay,relays,female,u18,medley-relay,track,123.83,HUN,,2001
3,2:03.87,,United States U18,,USA,1f1,Sherbrooke (CAN),2003-07-13,,medley-relay,relays,female,u18,medley-relay,track,123.87,CAN,,2003
4,2:03.92,,United States U18,,USA,2,Lille (FRA),2011-07-10,,medley-relay,relays,female,u18,medley-relay,track,123.92,FRA,,2011
5,2:03.93,,United States U18,,USA,1f1,"Sidi Youssef Ben Ali, Marrakech (MAR)",2005-07-17,,medley-relay,relays,female,u18,medley-relay,track,123.93,MAR,,2005
6,2:04.32,,United States U18,,USA,1f1,"Bressanone, Trentino-Alto Adige (ITA)",2009-07-12,,medley-relay,relays,female,u18,medley-relay,track,124.32,ITA,,2009
7,2:05.15,,United States U18,,USA,1,Donetsk (UKR),2013-07-14,,medley-relay,relays,female,u18,medley-relay,track,125.15,UKR,,2013
8,2:05.59,,Jamaica U18,,JAM,1h2,Lille (FRA),2011-07-09,,medley-relay,relays,female,u18,medley-relay,track,125.59,FRA,,2011
9,2:05.62,,Americas U18,,INT,1,Singapore (SGP),2010-08-23,,medley-relay,relays,female,u18,medley-relay,track,125.62,SGP,,2010
10,2:05.72,,Canada U18,,CAN,3,Lille (FRA),2011-07-10,,medley-relay,relays,female,u18,medley-relay,track,125.72,FRA,,2011
11,2:05.74,,United States U18,,USA,1f1,Ostrava (CZE),2007-07-15,,medley-relay,relays,female,u18,medley-relay,track,125.74,CZE,,2007
12,2:06.13,,Romania U18,,ROU,1,"Atletski stadion Poljane, Maribor (SLO)",2023-07-29,,medley-relay,relays,female,u18,medley-relay,track,126.13,SLO,,2023
13,2:06.19,,Africa U18,,INT,2,Singapore (SGP),2010-08-23,,medley-relay,relays,female,u18,medley-relay,track,126.19,SGP,,2010
14,2:06.26,,Nigeria U18,,NGR,4,Lille (FRA),2011-07-10,,medley-relay,relays,female,u18,medley-relay,track,126.26,FRA,,2011
15,2:06.45,,Italy U18,,ITA,2,"Atletski stadion Poljane, Maribor (SLO)",2023-07-29,,medley-relay,relays,female,u18,medley-relay,track,126.45,SLO,,2023
16,2:06.54,,United States U18,,USA,1h2,Sherbrooke (CAN),2003-07-12,,medley-relay,relays,female,u18,medley-relay,track,126.54,CAN,,2003
17,2:06.58,,Australia U18,,AUS,2f1,"Sidi Youssef Ben Ali, Marrakech (MAR)",2005-07-17,,medley-relay,relays,female,u18,medley-relay,track,126.58,MAR,,2005
18,2:06.60,,Brazil U18,,BRA,3f1,"Sidi Youssef Ben Ali, Marrakech (MAR)",2005-07-17,,medley-relay,relays,female,u18,medley-relay,track,126.6,MAR,,2005
19,2:06.77,,Jamaica U18,,JAM,2f1,Ostrava (CZE),2007-07-15,,medley-relay,relays,female,u18,medley-relay,track,126.77,CZE,,2007
20,2:07.05,,Jamaica U18,,JAM,2f1,Sherbrooke (CAN),2003-07-13,,medley-relay,relays,female,u18,medley-relay,track,127.05,CAN,,2003
21,2:07.13,,United States U18,,USA,1h3,Donetsk (UKR),2013-07-13,,medley-relay,relays,female,u18,medley-relay,track,127.13,UKR,,2013
22,2:07.16,,Czech Republic U18,,CZE,3,"Atletski stadion Poljane, Maribor (SLO)",2023-07-29,,medley-relay,relays,female,u18,medley-relay,track,127.16,SLO,,2023
23,2:07.18,,Great Britain & NI U18,,GBR,1f1,"Givat Ram Stadium, Jerusalem (ISR)",2022-07-07,,medley-relay,relays,female,u18,medley-relay,track,127.18,ISR,,2022
24,2:07.22,,United States U18,,USA,1h1,"Sidi Youssef Ben Ali, Marrakech (MAR)",2005-07-16,,medley-relay,relays,female,u18,medley-relay,track,127.22,MAR,,2005
25,2:07.24,,Italy U18,,ITA,1h3,"Atletski stadion Poljane, Maribor (SLO)",2023-07-28,,medley-relay,relays,female,u18,medley-relay,track,127.24,SLO,,2023
26,2:07.30,,Romania U18,,ROU,2h3,"Atletski stadion Poljane, Maribor (SLO)",2023-07-28,,medley-relay,relays,female,u18,medley-relay,track,127.3,SLO,,2023
27,2:07.35,,Italy U18,,ITA,2f1,"Givat Ram Stadium, Jerusalem (ISR)",2022-07-07,,medley-relay,relays,female,u18,medley-relay,track,127.35,ISR,,2022
28,2:07.40,,British Virgin Islands U18,,IVB,2,Donetsk (UKR),2013-07-14,,medley-relay,relays,female,u18,medley-relay,track,127.4,UKR,,2013
29,2:07.45,,Jamaica U18,,JAM,2,Debrecen (HUN),2001-07-15,,medley-relay,relays,female,u18,medley-relay,track,127.45,HUN,,2001
30,2:07.46,,Italy U18,,ITA,1,"Olimpiai Sportpark, Győr (HUN)",2018-07-08,,medley-relay,relays,female,u18,medley-relay,track,127.46,HUN,,2018
31,2:07.51,,United States U18,,USA,1h2,"Bressanone, Trentino-Alto Adige (ITA)",2009-07-11,,medley-relay,relays,female,u18,medley-relay,track,127.51,ITA,,2009
32,2:07.59,,Europe U18,,INT,3,Singapore (SGP),2010-08-23,,medley-relay,relays,female,u18,medley-relay,track,127.59,SGP,,2010
33,2:07.61,,Japan U18,,JPN,3,Donetsk (UKR),2013-07-14,,medley-relay,relays,female,u18,medley-relay,track,127.61,UKR,,2013
34,2:07.62,,Russia U18,,RUS,5,Lille (FRA),2011-07-10,,medley-relay,relays,female,u18,medley-relay,track,127.62,FRA,,2011
35,2:07.66,,Great Britain & NI U18,,GBR,1h3,"Givat Ram Stadium, Jerusalem (ISR)",2022-07-06,,medley-relay,relays,female,u18,medley-relay,track,127.66,ISR,,2022
36,2:07.71,,United States U18,,USA,1f1,"Zdzisław Krzyszkowiak Stadium, Bydgoszcz (POL)",1999-07-18,,medley-relay,relays,female,u18,medley-relay,track,127.71,POL,,1999
37,2:08.04,,Jamaica U18,,JAM,1h1,Ostrava (CZE),2007-07-14,,medley-relay,relays,female,u18,medley-relay,track,128.04,CZE,,2007
38,2:08.25,,Russia U18,,RUS,1h3,"Sidi Youssef Ben Ali, Marrakech (MAR)",2005-07-16,,medley-relay,relays,female,u18,medley-relay,track,128.25,MAR,,2005
38,2:08.25,,Australia U18,,AUS,2h3,"Sidi Youssef Ben Ali, Marrakech (MAR)",2005-07-16,,medley-relay,relays,female,u18,medley-relay,track,128.25,MAR,,2005
40,2:08.33,,Ukraine U18,,UKR,1,Yalta (UKR),2007-05-20,,medley-relay,relays,female,u18,medley-relay,track,128.33,UKR,,2007
41,2:08.38,,United States U18,,USA,1h2,Ostrava (CZE),2007-07-14,,medley-relay,relays,female,u18,medley-relay,track,128.38,CZE,,2007
42,2:08.39,,Japan U18,,JPN,1h2,Donetsk (UKR),2013-07-13,,medley-relay,relays,female,u18,medley-relay,track,128.39,UKR,,2013
43,2:08.44,,Nigeria U18,,NGR,2h2,Lille (FRA),2011-07-09,,medley-relay,relays,female,u18,medley-relay,track,128.44,FRA,,2011
44,2:08.48,,France U18,,FRA,1,"New District Stadium, Tbilisi (GEO)",2016-07-17,,medley-relay,relays,female,u18,medley-relay,track,128.48,GEO,,2016
45,2:08.49,,Poland U18,,POL,1h3,Banská Bystrica (SVK),2024-07-20,,medley-relay,relays,female,u18,medley-relay,track,128.49,SVK,,2024
46,2:08.52,,Canada U18,,CAN,1h1,Donetsk (UKR),2013-07-13,,medley-relay,relays,female,u18,medley-relay,track,128.52,UKR,,2013
47,2:08.53,,Spain U18,,ESP,1,Baku (AZE),2019-07-27,,medley-relay,relays,female,u18,medley-relay,track,128.53,AZE,,2019
48,2:08.55,,Czech Republic U18,,CZE,4,Donetsk (UKR),2013-07-14,,medley-relay,relays,female,u18,medley-relay,track,128.55,UKR,,2013
49,2:08.57,,Poland U18,,POL,2,"New District Stadium, Tbilisi (GEO)",2016-07-17,,medley-relay,relays,female,u18,medley-relay,track,128.57,GEO,,2016
50,2:08.59,,Canada U18,,CAN,5,Donetsk (UKR),2013-07-14,,medley-relay,relays,female,u18,medley-relay,track,128.59,UKR,,2013
51,2:08.64,,Germany U18,,GER,2h3,Banská Bystrica (SVK),2024-07-20,,medley-relay,relays,female,u18,medley-relay,track,128.64,SVK,,2024
52,2:08.66,,Russia U18,,RUS,1h1,Lille (FRA),2011-07-09,,medley-relay,relays,female,u18,medley-relay,track,128.66,FRA,,2011
52,2:08.66,,Ukraine U18,,UKR,3h3,Banská Bystrica (SVK),2024-07-20,,medley-relay,relays,female,u18,medley-relay,track,128.66,SVK,,2024
54,2:08.68,,Poland U18,,POL,3h2,Lille (FRA),2011-07-09,,medley-relay,relays,female,u18,medley-relay,track,128.68,FRA,,2011
55,2:08.80,,British Virgin Islands U18,,IVB,2h1,Donetsk (UKR),2013-07-13,,medley-relay,relays,female,u18,medley-relay,track,128.8,UKR,,2013
55,2:08.80,,Spain U18,,ESP,3f1,"Givat Ram Stadium, Jerusalem (ISR)",2022-07-07,,medley-relay,relays,female,u18,medley-relay,track,128.8,ISR,,2022
57,2:08.82,,Czech Republic U18,,CZE,1h2,"Atletski stadion Poljane, Maribor (SLO)",2023-07-28,,medley-relay,relays,female,u18,medley-relay,track,128.82,SLO,,2023
57,2:08.82,,Hungary U18,,HUN,4h3,Banská Bystrica (SVK),2024-07-20,,medley-relay,relays,female,u18,medley-relay,track,128.82,SVK,,2024
59,2:08.89,,Spain U18,,ESP,1h3,Baku (AZE),2019-07-26,,medley-relay,relays,female,u18,medley-relay,track,128.89,AZE,,2019
60,2:08.97,,Canada U18,,CAN,2h1,Lille (FRA),2011-07-09,,medley-relay,relays,female,u18,medley-relay,track,128.97,FRA,,2011
61,2:08.99,,Italy U18,,ITA,3,"New District Stadium, Tbilisi (GEO)",2016-07-17,,medley-relay,relays,female,u18,medley-relay,track,128.99,GEO,,2016
62,2:09.03,,Canada U18,,CAN,4f1,Sherbrooke (CAN),2003-07-13,,medley-relay,relays,female,u18,medley-relay,track,129.03,CAN,,2003
63,2:09.05,,Poland U18,,POL,4f1,"Sidi Youssef Ben Ali, Marrakech (MAR)",2005-07-17,,medley-relay,relays,female,u18,medley-relay,track,129.05,MAR,,2005
64,2:09.06,,Estonia U18,,EST,4,"Atletski stadion Poljane, Maribor (SLO)",2023-07-29,,medley-relay,relays,female,u18,medley-relay,track,129.06,SLO,,2023
65,2:09.08,,Canada U18,,CAN,3f1,Ostrava (CZE),2007-07-15,,medley-relay,relays,female,u18,medley-relay,track,129.08,CZE,,2007
65,2:09.08,,Australia U18,,AUS,2h2,Ostrava (CZE),2007-07-14,,medley-relay,relays,female,u18,medley-relay,track,129.08,CZE,,2007
67,2:09.12,,Czech Republic U18,,CZE,3h1,Donetsk (UKR),2013-07-13,,medley-relay,relays,female,u18,medley-relay,track,129.12,UKR,,2013
68,2:09.13,,Brazil U18,,BRA,1h2,"Sidi Youssef Ben Ali, Marrakech (MAR)",2005-07-16,,medley-relay,relays,female,u18,medley-relay,track,129.13,MAR,,2005
69,2:09.15,,Switzerland U18,,SUI,1h2,Banská Bystrica (SVK),2024-07-20,,medley-relay,relays,female,u18,medley-relay,track,129.15,SVK,,2024
70,2:09.16,,Greece U18,,GRE,2,Baku (AZE),2019-07-27,,medley-relay,relays,female,u18,medley-relay,track,129.16,AZE,,2019
71,2:09.19,,Poland U18,,POL,2f1,"Zdzisław Krzyszkowiak Stadium, Bydgoszcz (POL)",1999-07-18,,medley-relay,relays,female,u18,medley-relay,track,129.19,POL,,1999
72,2:09.22,,Hungary U18,,HUN,2f1,"Bressanone, Trentino-Alto Adige (ITA)",2009-07-12,,medley-relay,relays,female,u18,medley-relay,track,129.22,ITA,,2009
73,2:09.24,,Canada U18,,CAN,1h1,Sherbrooke (CAN),2003-07-12,,medley-relay,relays,female,u18,medley-relay,track,129.24,CAN,,2003
74,2:09.25,,Romania U18,,ROU,3f1,"Bressanone, Trentino-Alto Adige (ITA)",2009-07-12,,medley-relay,relays,female,u18,medley-relay,track,129.25,ITA,,2009
75,2:09.27,,Canada U18,,CAN,1h1,"Bressanone, Trentino-Alto Adige (ITA)",2009-07-11,,medley-relay,relays,female,u18,medley-relay,track,129.27,ITA,,2009
76,2:09.28,,Norway U18,,NOR,3h3,"Atletski stadion Poljane, Maribor (SLO)",2023-07-28,,medley-relay,relays,female,u18,medley-relay,track,129.28,SLO,,2023
77,2:09.32,,Hungary U18,,HUN,6,Donetsk (UKR),2013-07-14,,medley-relay,relays,female,u18,medley-relay,track,129.32,UKR,,2013
77,2:09.32,,Finland U18,,FIN,2h3,"Givat Ram Stadium, Jerusalem (ISR)",2022-07-06,,medley-relay,relays,female,u18,medley-relay,track,129.32,ISR,,2022
79,2:09.33,,Bahamas U18,,BAH,4f1,"Bressanone, Trentino-Alto Adige (ITA)",2009-07-12,,medley-relay,relays,female,u18,medley-relay,track,129.33,ITA,,2009
79,2:09.33,,Italy U18,,ITA,2h2,Banská Bystrica (SVK),2024-07-20,,medley-relay,relays,female,u18,medley-relay,track,129.33,SVK,,2024
81,2:09.36,,United States U18,,USA,1h2,Debrecen (HUN),2001-07-14,,medley-relay,relays,female,u18,medley-relay,track,129.36,HUN,,2001
82,2:09.39,,United States U18,,USA,1h3,Lille (FRA),2011-07-09,,medley-relay,relays,female,u18,medley-relay,track,129.39,FRA,,2011
83,2:09.41,,Czech Republic U18,,CZE,2,"Olimpiai Sportpark, Győr (HUN)",2018-07-08,,medley-relay,relays,female,u18,medley-relay,track,129.41,HUN,,2018
84,2:09.42,,Russia U18,,RUS,5f1,"Sidi Youssef Ben Ali, Marrakech (MAR)",2005-07-17,,medley-relay,relays,female,u18,medley-relay,track,129.42,MAR,,2005
85,2:09.43,,Greece U18,,GRE,2h3,Baku (AZE),2019-07-26,,medley-relay,relays,female,u18,medley-relay,track,129.43,AZE,,2019
86,2:09.61,,Belarus U18,,BLR,4,"New District Stadium, Tbilisi (GEO)",2016-07-17,,medley-relay,relays,female,u18,medley-relay,track,129.61,GEO,,2016
86,2:09.61,,Hungary U18,,HUN,1,Hradec Králové (CZE),2013-06-08,,medley-relay,relays,female,u18,medley-relay,track,129.61,CZE,,2013
88,2:09.68,,Hungary U18,,HUN,2h1,"Bressanone, Trentino-Alto Adige (ITA)",2009-07-11,,medley-relay,relays,female,u18,medley-relay,track,129.68,ITA,,2009
89,2:09.70,,Romania U18,,ROU,3,Debrecen (HUN),2001-07-15,,medley-relay,relays,female,u18,medley-relay,track,129.7,HUN,,2001
90,2:09.72,,Japan U18,,JPN,2h1,"Sidi Youssef Ben Ali, Marrakech (MAR)",2005-07-16,,medley-relay,relays,female,u18,medley-relay,track,129.72,MAR,,2005
91,2:09.73,,France U18,,FRA,1h1,Baku (AZE),2019-07-26,,medley-relay,relays,female,u18,medley-relay,track,129.73,AZE,,2019
92,2:09.76,,Norway U18,,NOR,5,"Atletski stadion Poljane, Maribor (SLO)",2023-07-29,,medley-relay,relays,female,u18,medley-relay,track,129.76,SLO,,2023
93,2:09.79,,Jamaica U18,,JAM,5f1,"Bressanone, Trentino-Alto Adige (ITA)",2009-07-12,,medley-relay,relays,female,u18,medley-relay,track,129.79,ITA,,2009
94,2:09.80,,Norway U18,,NOR,3h2,Banská Bystrica (SVK),2024-07-20,,medley-relay,relays,female,u18,medley-relay,track,129.8,SVK,,2024
95,2:09.84,,Trinidad and Tobago,,TTO,2h1,Sherbrooke (CAN),2003-07-12,,medley-relay,relays,female,u18,medley-relay,track,129.84,CAN,,2003
96,2:09.87,,Germany U18,,GER,2h2,"Atletski stadion Poljane, Maribor (SLO)",2023-07-28,,medley-relay,relays,female,u18,medley-relay,track,129.87,SLO,,2023
97,2:09.90,,PR of China U18,,CHN,2h3,Donetsk (UKR),2013-07-13,,medley-relay,relays,female,u18,medley-relay,track,129.9,UKR,,2013
98,2:09.96,,Australia U18,,AUS,4f1,Ostrava (CZE),2007-07-15,,medley-relay,relays,female,u18,medley-relay,track,129.96,CZE,,2007
99,2:09.99,,Romania U18,,ROU,3,"Olimpiai Sportpark, Győr (HUN)",2018-07-08,,medley-relay,relays,female,u18,medley-relay,track,129.99,HUN,,2018
100,2:10.01,,Poland U18,,POL,6f1,"Bressanone, Trentino-Alto Adige (ITA)",2009-07-12,,medley-relay,relays,female,u18,medley-relay,track,130.01,ITA,,2009
101,2:10.04,,Poland U18,,POL,2h2,"Sidi Youssef Ben Ali, Marrakech (MAR)",2005-07-16,,medley-relay,relays,female,u18,medley-relay,track,130.04,MAR,,2005
101,2:10.04,,Estonia U18,,EST,4h3,"Atletski stadion Poljane, Maribor (SLO)",2023-07-28,,medley-relay,relays,female,u18,medley-relay,track,130.04,SLO,,2023
103,2:10.07,,Germany U18,,GER,6,"Atletski stadion Poljane, Maribor (SLO)",2023-07-29,,medley-relay,relays,female,u18,medley-relay,track,130.07,SLO,,2023
104,2:10.08,,Canada U18,,CAN,7f1,"Bressanone, Trentino-Alto Adige (ITA)",2009-07-12,,medley-relay,relays,female,u18,medley-relay,track,130.08,ITA,,2009
105,2:10.12,,Bahamas U18,,BAH,1h3,"Bressanone, Trentino-Alto Adige (ITA)",2009-07-11,,medley-relay,relays,female,u18,medley-relay,track,130.12,ITA,,2009
106,2:10.13,,Canada U18,,CAN,1h3,Ostrava (CZE),2007-07-14,,medley-relay,relays,female,u18,medley-relay,track,130.13,CZE,,2007
107,2:10.17,,Italy U18,,ITA,2h1,Baku (AZE),2019-07-26,,medley-relay,relays,female,u18,medley-relay,track,130.17,AZE,,2019
107,2:10.17,,Romania U18,,ROU,6,Lille (FRA),2011-07-10,,medley-relay,relays,female,u18,medley-relay,track,130.17,FRA,,2011
109,2:10.18,,India U18,,IND,5f1,Ostrava (CZE),2007-07-15,,medley-relay,relays,female,u18,medley-relay,track,130.18,CZE,,2007
109,2:10.18,,Germany U18,,GER,3h1,Baku (AZE),2019-07-26,,medley-relay,relays,female,u18,medley-relay,track,130.18,AZE,,2019
111,2:10.19,,United States U18,,USA,1h3,"Zdzisław Krzyszkowiak Stadium, Bydgoszcz (POL)",1999-07-17,,medley-relay,relays,female,u18,medley-relay,track,130.19,POL,,1999
112,2:10.20,,Great Britain & NI U18,,GBR,1h1,Banská Bystrica (SVK),2024-07-20,,medley-relay,relays,female,u18,medley-relay,track,130.2,SVK,,2024
113,2:10.27,,Japan U18,,JPN,8f1,"Bressanone, Trentino-Alto Adige (ITA)",2009-07-12,,medley-relay,relays,female,u18,medley-relay,track,130.27,ITA,,2009
114,2:10.32,,Switzerland U18,,SUI,3,Baku (AZE),2019-07-27,,medley-relay,relays,female,u18,medley-relay,track,130.32,AZE,,2019
115,2:10.33,,Romania U18,,ROU,2h3,Lille (FRA),2011-07-09,,medley-relay,relays,female,u18,medley-relay,track,130.33,FRA,,2011
116,2:10.35,,Poland U18,,POL,7,Lille (FRA),2011-07-10,,medley-relay,relays,female,u18,medley-relay,track,130.35,FRA,,2011
117,2:10.38,,Spain U18,,ESP,1h2,"Givat Ram Stadium, Jerusalem (ISR)",2022-07-06,,medley-relay,relays,female,u18,medley-relay,track,130.38,ISR,,2022
117,2:10.38,,Italy U18,,ITA,4,Baku (AZE),2019-07-27,,medley-relay,relays,female,u18,medley-relay,track,130.38,AZE,,2019
117,2:10.38,,Italy U18,,ITA,1h3,"Olimpiai Sportpark, Győr (HUN)",2018-07-07,,medley-relay,relays,female,u18,medley-relay,track,130.38,HUN,,2018
120,2:10.39,,Czech Republic U18,,CZE,1,Brno (CZE),2016-06-11,,medley-relay,relays,female,u18,medley-relay,track,130.39,CZE,,2016
121,2:10.41,,Czech Republic U18,,CZE,2h2,"Givat Ram Stadium, Jerusalem (ISR)",2022-07-06,,medley-relay,relays,female,u18,medley-relay,track,130.41,ISR,,2022
122,2:10.42,,Romania U18,,ROU,3h2,"Givat Ram Stadium, Jerusalem (ISR)",2022-07-06,,medley-relay,relays,female,u18,medley-relay,track,130.42,ISR,,2022
123,2:10.45,,Switzerland U18,,SUI,1h2,Baku (AZE),2019-07-26,,medley-relay,relays,female,u18,medley-relay,track,130.45,AZE,,2019
124,2:10.46,,Hungary U18,,HUN,1,"Mestni stadion, Ptuj (SLO)",2023-06-11,,medley-relay,relays,female,u18,medley-relay,track,130.46,SLO,,2023
125,2:10.47,,Poland U18,,POL,1h1,"Zdzisław Krzyszkowiak Stadium, Bydgoszcz (POL)",1999-07-17,,medley-relay,relays,female,u18,medley-relay,track,130.47,POL,,1999
126,2:10.48,,South Africa U18,,RSA,3h3,Lille (FRA),2011-07-09,,medley-relay,relays,female,u18,medley-relay,track,130.48,FRA,,2011
126,2:10.48,,Romania U18,,ROU,2h2,"Bressanone, Trentino-Alto Adige (ITA)",2009-07-11,,medley-relay,relays,female,u18,medley-relay,track,130.48,ITA,,2009
128,2:10.53,,India U18,,IND,2h3,Ostrava (CZE),2007-07-14,,medley-relay,relays,female,u18,medley-relay,track,130.53,CZE,,2007
129,2:10.54,,Japan U18,,JPN,4h3,Lille (FRA),2011-07-09,,medley-relay,relays,female,u18,medley-relay,track,130.54,FRA,,2011
129,2:10.54,,Ukraine U18,,UKR,1h3,Debrecen (HUN),2001-07-14,,medley-relay,relays,female,u18,medley-relay,track,130.54,HUN,,2001
131,2:10.55,,Czech Republic U18,,CZE,2,"Mestni stadion, Ptuj (SLO)",2023-06-11,,medley-relay,relays,female,u18,medley-relay,track,130.55,SLO,,2023
132,2:10.58,,Barbados U18,,BAR,3h3,Ostrava (CZE),2007-07-14,,medley-relay,relays,female,u18,medley-relay,track,130.58,CZE,,2007
133,2:10.62,,Hungary U18,,HUN,2,Brno (CZE),2016-06-11,,medley-relay,relays,female,u18,medley-relay,track,130.62,CZE,,2016
134,2:10.64,,Italy U18,,ITA,7,Donetsk (UKR),2013-07-14,,medley-relay,relays,female,u18,medley-relay,track,130.64,UKR,,2013
134,2:10.64,,Slovenia U18,,SLO,5,"New District Stadium, Tbilisi (GEO)",2016-07-17,,medley-relay,relays,female,u18,medley-relay,track,130.64,GEO,,2016
136,2:10.65,,Sunshine Youth Sports Club,,CHN,1,"Shanxi Sports Center Stadium, Taiyuan (CHN)",2019-08-16,,medley-relay,relays,female,u18,medley-relay,track,130.65,CHN,,2019
137,2:10.66,,Japan U18,,JPN,6f1,"Sidi Youssef Ben Ali, Marrakech (MAR)",2005-07-17,,medley-relay,relays,female,u18,medley-relay,track,130.66,MAR,,2005
138,2:10.72,,Jamaica U18,,JAM,2h3,"Bressanone, Trentino-Alto Adige (ITA)",2009-07-11,,medley-relay,relays,female,u18,medley-relay,track,130.72,ITA,,2009
138,2:10.72,,Poland U18,,POL,4f1,"Givat Ram Stadium, Jerusalem (ISR)",2022-07-07,,medley-relay,relays,female,u18,medley-relay,track,130.72,ISR,,2022
140,2:10.74,,Spain U18,,ESP,7,"Atletski stadion Poljane, Maribor (SLO)",2023-07-29,,medley-relay,relays,female,u18,medley-relay,track,130.74,SLO,,2023
140,2:10.74,,Spain U18,,ESP,1h1,"Atletski stadion Poljane, Maribor (SLO)",2023-07-28,,medley-relay,relays,female,u18,medley-relay,track,130.74,SLO,,2023
142,2:10.75,,Norway U18,,NOR,3h3,Baku (AZE),2019-07-26,,medley-relay,relays,female,u18,medley-relay,track,130.75,AZE,,2019
143,2:10.76,,South Africa U18,,RSA,8,Lille (FRA),2011-07-10,,medley-relay,relays,female,u18,medley-relay,track,130.76,FRA,,2011
144,2:10.79,,Jamaica U18,,JAM,3h1,Sherbrooke (CAN),2003-07-12,,medley-relay,relays,female,u18,medley-relay,track,130.79,CAN,,2003
144,2:10.79,,Brazil U18,,BRA,4h2,Lille (FRA),2011-07-09,,medley-relay,relays,female,u18,medley-relay,track,130.79,FRA,,2011
146,2:10.80,,Hungary U18,,HUN,2,"Štadión PFK, Piešťany (SVK)",2024-07-05,,medley-relay,relays,female,u18,medley-relay,track,130.8,SVK,,2024
147,2:10.83,,Italy U18,,ITA,3h1,Lille (FRA),2011-07-09,,medley-relay,relays,female,u18,medley-relay,track,130.83,FRA,,2011
148,2:10.85,,Czech Republic U18,,CZE,1,Budapest (HUN),2014-07-04,,medley-relay,relays,female,u18,medley-relay,track,130.85,HUN,,2014
148,2:10.85,,Hungary U18,,HUN,3h3,Donetsk (UKR),2013-07-13,,medley-relay,relays,female,u18,medley-relay,track,130.85,UKR,,2013
148,2:10.85,,Portugal U18,,POR,4,"Olimpiai Sportpark, Győr (HUN)",2018-07-08,,medley-relay,relays,female,u18,medley-relay,track,130.85,HUN,,2018
151,2:10.93,,Romania U18,,ROU,7f1,"Sidi Youssef Ben Ali, Marrakech (MAR)",2005-07-17,,medley-relay,relays,female,u18,medley-relay,track,130.93,MAR,,2005
152,2:10.94,,Romania U18,,ROU,1h1,Debrecen (HUN),2001-07-14,,medley-relay,relays,female,u18,medley-relay,track,130.94,HUN,,2001
153,2:10.97,,Slovenia U18,,SLO,5f1,"Givat Ram Stadium, Jerusalem (ISR)",2022-07-07,,medley-relay,relays,female,u18,medley-relay,track,130.97,ISR,,2022
154,2:11.02,,Portugal U18,,POR,1h1,"Olimpiai Sportpark, Győr (HUN)",2018-07-07,,medley-relay,relays,female,u18,medley-relay,track,131.02,HUN,,2018
155,2:11.04,,Ukraine U18,,UKR,5,"Olimpiai Sportpark, Győr (HUN)",2018-07-08,,medley-relay,relays,female,u18,medley-relay,track,131.04,HUN,,2018
155,2:11.04,,Poland U18,,POL,1h1,"Givat Ram Stadium, Jerusalem (ISR)",2022-07-06,,medley-relay,relays,female,u18,medley-relay,track,131.04,ISR,,2022
157,2:11.05,,Jamaica U18,,JAM,1h4,Debrecen (HUN),2001-07-14,,medley-relay,relays,female,u18,medley-relay,track,131.05,HUN,,2001
158,2:11.07,,Belarus U18,,BLR,1h3,"New District Stadium, Tbilisi (GEO)",2016-07-16,,medley-relay,relays,female,u18,medley-relay,track,131.07,GEO,,2016
159,2:11.10,,Bahamas U18,,BAH,4h1,Lille (FRA),2011-07-09,,medley-relay,relays,female,u18,medley-relay,track,131.1,FRA,,2011
160,2:11.11,,Japan U18,,JPN,3h3,"Bressanone, Trentino-Alto Adige (ITA)",2009-07-11,,medley-relay,relays,female,u18,medley-relay,track,131.11,ITA,,2009
161,2:11.13,,Ukraine U18,,UKR,3f1,"Zdzisław Krzyszkowiak Stadium, Bydgoszcz (POL)",1999-07-18,,medley-relay,relays,female,u18,medley-relay,track,131.13,POL,,1999
161,2:11.13,,Ukraine U18,,UKR,4,Debrecen (HUN),2001-07-15,,medley-relay,relays,female,u18,medley-relay,track,131.13,HUN,,2001
163,2:11.20,,Brazil U18,,BRA,4h1,Donetsk (UKR),2013-07-13,,medley-relay,relays,female,u18,medley-relay,track,131.2,UKR,,2013
163,2:11.20,,Italy U18,,ITA,2h1,"Givat Ram Stadium, Jerusalem (ISR)",2022-07-06,,medley-relay,relays,female,u18,medley-relay,track,131.2,ISR,,2022
165,2:11.21,,Poland U18,,POL,3h1,"Bressanone, Trentino-Alto Adige (ITA)",2009-07-11,,medley-relay,relays,female,u18,medley-relay,track,131.21,ITA,,2009
165,2:11.21,,Norway U18,,NOR,5,Baku (AZE),2019-07-27,,medley-relay,relays,female,u18,medley-relay,track,131.21,AZE,,2019
165,2:11.21,,India U18,,IND,1,Tashkent (UZB),2023-04-30,,medley-relay,relays,female,u18,medley-relay,track,131.21,UZB,,2023
168,2:11.22,,Spain U18,,ESP,2h1,Banská Bystrica (SVK),2024-07-20,,medley-relay,relays,female,u18,medley-relay,track,131.22,SVK,,2024
168,2:11.22,,Estonia U18,,EST,4h2,Banská Bystrica (SVK),2024-07-20,,medley-relay,relays,female,u18,medley-relay,track,131.22,SVK,,2024
168,2:11.22,,Poland U18,,POL,1h2,"New District Stadium, Tbilisi (GEO)",2016-07-16,,medley-relay,relays,female,u18,medley-relay,track,131.22,GEO,,2016
168,2:11.22,,Switzerland U18,,SUI,2h3,"New District Stadium, Tbilisi (GEO)",2016-07-16,,medley-relay,relays,female,u18,medley-relay,track,131.22,GEO,,2016
172,2:11.24,,Ireland U18,,IRL,5h2,Banská Bystrica (SVK),2024-07-20,,medley-relay,relays,female,u18,medley-relay,track,131.24,SVK,,2024
172,2:11.24,,Slovenia U18,,SLO,3,Brno (CZE),2016-06-11,,medley-relay,relays,female,u18,medley-relay,track,131.24,CZE,,2016
174,2:11.25,,Italy U18,,ITA,2h2,Donetsk (UKR),2013-07-13,,medley-relay,relays,female,u18,medley-relay,track,131.25,UKR,,2013
175,2:11.26,,Kazakhstan U18,,KAZ,4h3,Ostrava (CZE),2007-07-14,,medley-relay,relays,female,u18,medley-relay,track,131.26,CZE,,2007
175,2:11.26,,Ukraine U18,,UKR,6,Baku (AZE),2019-07-27,,medley-relay,relays,female,u18,medley-relay,track,131.26,AZE,,2019
177,2:11.27,,Italy U18,,ITA,1,"Štadión SNP, Banská Bystrica (SVK)",2022-07-30,,medley-relay,relays,female,u18,medley-relay,track,131.27,SVK,,2022
178,2:11.28,,Czechia U18,,CZE,3h1,Banská Bystrica (SVK),2024-07-20,,medley-relay,relays,female,u18,medley-relay,track,131.28,SVK,,2024
179,2:11.29,,Romania U18,,ROU,3h3,"Sidi Youssef Ben Ali, Marrakech (MAR)",2005-07-16,,medley-relay,relays,female,u18,medley-relay,track,131.29,MAR,,2005
180,2:11.30,,Poland U18,,POL,2,"Štadión SNP, Banská Bystrica (SVK)",2022-07-30,,medley-relay,relays,female,u18,medley-relay,track,131.3,SVK,,2022
181,2:11.34,,Japan U18,,JPN,5f1,Sherbrooke (CAN),2003-07-13,,medley-relay,relays,female,u18,medley-relay,track,131.34,CAN,,2003
182,2:11.36,,Slovenia U18,,SLO,3h1,"Givat Ram Stadium, Jerusalem (ISR)",2022-07-06,,medley-relay,relays,female,u18,medley-relay,track,131.36,ISR,,2022
183,2:11.37,,Barbados U18,,BAR,6f1,Ostrava (CZE),2007-07-15,,medley-relay,relays,female,u18,medley-relay,track,131.37,CZE,,2007
184,2:11.40,,Finland U18,,FIN,3h2,"Atletski stadion Poljane, Maribor (SLO)",2023-07-28,,medley-relay,relays,female,u18,medley-relay,track,131.4,SLO,,2023
185,2:11.41,,Belarus U18,,BLR,5,Debrecen (HUN),2001-07-15,,medley-relay,relays,female,u18,medley-relay,track,131.41,HUN,,2001
185,2:11.41,,Czech Republic U18,,CZE,1,Trnava (SVK),2019-07-13,,medley-relay,relays,female,u18,medley-relay,track,131.41,SVK,,2019
187,2:11.43,,Finland U18,,FIN,6f1,"Givat Ram Stadium, Jerusalem (ISR)",2022-07-07,,medley-relay,relays,female,u18,medley-relay,track,131.43,ISR,,2022
188,2:11.50,,Canada U18,,CAN,6,Debrecen (HUN),2001-07-15,,medley-relay,relays,female,u18,medley-relay,track,131.5,HUN,,2001
189,2:11.51,,Hungary U18,,HUN,2h1,"Olimpiai Sportpark, Győr (HUN)",2018-07-07,,medley-relay,relays,female,u18,medley-relay,track,131.51,HUN,,2018
189,2:11.51,,Estonia U18,,EST,4h1,"Givat Ram Stadium, Jerusalem (ISR)",2022-07-06,,medley-relay,relays,female,u18,medley-relay,track,131.51,ISR,,2022
191,2:11.53,,Croatia U18,,CRO,2h1,"Atletski stadion Poljane, Maribor (SLO)",2023-07-28,,medley-relay,relays,female,u18,medley-relay,track,131.53,SLO,,2023
192,2:11.59,,Hungary U18,,HUN,3,"Štadión SNP, Banská Bystrica (SVK)",2022-07-30,,medley-relay,relays,female,u18,medley-relay,track,131.59,SVK,,2022
193,2:11.66,,New Zealand U18,,NZL,7,Debrecen (HUN),2001-07-15,,medley-relay,relays,female,u18,medley-relay,track,131.66,HUN,,2001
194,2:11.67,,Italy U18,,ITA,3h2,"Bressanone, Trentino-Alto Adige (ITA)",2009-07-11,,medley-relay,relays,female,u18,medley-relay,track,131.67,ITA,,2009
195,2:11.68,,Italy U18,,ITA,3h3,"New District Stadium, Tbilisi (GEO)",2016-07-16,,medley-relay,relays,female,u18,medley-relay,track,131.68,GEO,,2016
196,2:11.70,,Japan U18,,JPN,2h1,Ostrava (CZE),2007-07-14,,medley-relay,relays,female,u18,medley-relay,track,131.7,CZE,,2007
197,2:11.72,,Japan U18,,JPN,4f1,"Zdzisław Krzyszkowiak Stadium, Bydgoszcz (POL)",1999-07-18,,medley-relay,relays,female,u18,medley-relay,track,131.72,POL,,1999
197,2:11.72,,Czech Republic U18,,CZE,4,"Štadión SNP, Banská Bystrica (SVK)",2022-07-30,,medley-relay,relays,female,u18,medley-relay,track,131.72,SVK,,2022
199,2:11.77,,France U18,,FRA,5h3,Lille (FRA),2011-07-09,,medley-relay,relays,female,u18,medley-relay,track,131.77,FRA,,2011
199,2:11.77,,Slovak Republic U18,,SVK,4,Brno (CZE),2016-06-11,,medley-relay,relays,female,u18,medley-relay,track,131.77,CZE,,2016
201,2:11.79,,Ukraine U18,,UKR,3h1,Ostrava (CZE),2007-07-14,,medley-relay,relays,female,u18,medley-relay,track,131.79,CZE,,2007
201,2:11.79,,Ireland U18,,IRL,4h2,"Atletski stadion Poljane, Maribor (SLO)",2023-07-28,,medley-relay,relays,female,u18,medley-relay,track,131.79,SLO,,2023
203,2:11.84,,Belarus U18,,BLR,2h2,Debrecen (HUN),2001-07-14,,medley-relay,relays,female,u18,medley-relay,track,131.84,HUN,,2001
204,2:11.95,,Slovak Republic U18,,SVK,3h1,"Atletski stadion Poljane, Maribor (SLO)",2023-07-28,,medley-relay,relays,female,u18,medley-relay,track,131.95,SLO,,2023
205,2:11.97,,Croatia U18,,CRO,8,"Atletski stadion Poljane, Maribor (SLO)",2023-07-29,,medley-relay,relays,female,u18,medley-relay,track,131.97,SLO,,2023
205,2:11.97,,Ukraine U18,,UKR,3h1,"Olimpiai Sportpark, Győr (HUN)",2018-07-07,,medley-relay,relays,female,u18,medley-relay,track,131.97,HUN,,2018
207,2:11.99,,Hungary U18,,HUN,4h1,"Atletski stadion Poljane, Maribor (SLO)",2023-07-28,,medley-relay,relays,female,u18,medley-relay,track,131.99,SLO,,2023
208,2:12.00,,Spain U18,,ESP,5h2,Lille (FRA),2011-07-09,,medley-relay,relays,female,u18,medley-relay,track,132.0,FRA,,2011
209,2:12.03,,Türkiye U18,,TUR,5h3,Banská Bystrica (SVK),2024-07-20,,medley-relay,relays,female,u18,medley-relay,track,132.03,SVK,,2024
210,2:12.05,,Hungary U18,,HUN,5h3,Ostrava (CZE),2007-07-14,,medley-relay,relays,female,u18,medley-relay,track,132.05,CZE,,2007
211,2:12.08,,Czech Republic U18,,CZE,1h2,"Olimpiai Sportpark, Győr (HUN)",2018-07-07,,medley-relay,relays,female,u18,medley-relay,track,132.08,HUN,,2018
212,2:12.10,,Norway U18,,NOR,2h2,"New District Stadium, Tbilisi (GEO)",2016-07-16,,medley-relay,relays,female,u18,medley-relay,track,132.1,GEO,,2016
213,2:12.13,,Brazil U18,,BRA,5f1,"Zdzisław Krzyszkowiak Stadium, Bydgoszcz (POL)",1999-07-18,,medley-relay,relays,female,u18,medley-relay,track,132.13,POL,,1999
213,2:12.13,,Slovenia U18,,SLO,5f1,"Zdzisław Krzyszkowiak Stadium, Bydgoszcz (POL)",1999-07-18,,medley-relay,relays,female,u18,medley-relay,track,132.13,POL,,1999
215,2:12.17,,Serbia U18,,SRB,5h1,"Givat Ram Stadium, Jerusalem (ISR)",2022-07-06,,medley-relay,relays,female,u18,medley-relay,track,132.17,ISR,,2022
216,2:12.18,,India U18,,IND,1,Al-Kuwait (KUW),2022-10-16,,medley-relay,relays,female,u18,medley-relay,track,132.18,KUW,,2022
217,2:12.19,,Ukraine U18,,UKR,1h1,"New District Stadium, Tbilisi (GEO)",2016-07-16,,medley-relay,relays,female,u18,medley-relay,track,132.19,GEO,,2016
217,2:12.19,,France U18,,FRA,7,Baku (AZE),2019-07-27,,medley-relay,relays,female,u18,medley-relay,track,132.19,AZE,,2019
219,2:12.21,,Sverdlovsk Region U18,,RUS,1,Chelyabinsk (RUS),2013-06-23,,medley-relay,relays,female,u18,medley-relay,track,132.21,RUS,,2013
220,2:12.28,,Canada U18,,CAN,2h3,Debrecen (HUN),2001-07-14,,medley-relay,relays,female,u18,medley-relay,track,132.28,HUN,,2001
221,2:12.29,,Ukraine U18,,UKR,2h2,Baku (AZE),2019-07-26,,medley-relay,relays,female,u18,medley-relay,track,132.29,AZE,,2019
222,2:12.31,,Romania U18,,ROU,2h3,"Olimpiai Sportpark, Győr (HUN)",2018-07-07,,medley-relay,relays,female,u18,medley-relay,track,132.31,HUN,,2018
222,2:12.31,,Poland U18,,POL,3,"Mestni stadion, Ptuj (SLO)",2023-06-11,,medley-relay,relays,female,u18,medley-relay,track,132.31,SLO,,2023
224,2:12.33,,Hungary U18,,HUN,6,"Olimpiai Sportpark, Győr (HUN)",2018-07-08,,medley-relay,relays,female,u18,medley-relay,track,132.33,HUN,,2018
224,2:12.33,,Poland U18,,POL,4h3,Baku (AZE),2019-07-26,,medley-relay,relays,female,u18,medley-relay,track,132.33,AZE,,2019
226,2:12.38,,Brazil U18,,BRA,6h3,Ostrava (CZE),2007-07-14,,medley-relay,relays,female,u18,medley-relay,track,132.38,CZE,,2007
227,2:12.39,,Morocco U18,,MAR,3h2,"Sidi Youssef Ben Ali, Marrakech (MAR)",2005-07-16,,medley-relay,relays,female,u18,medley-relay,track,132.39,MAR,,2005
227,2:12.39,,Kazakhstan U18,,KAZ,2,Tashkent (UZB),2023-04-30,,medley-relay,relays,female,u18,medley-relay,track,132.39,UZB,,2023
229,2:12.41,,Italy U18,,ITA,1h3,"Štadión SNP, Banská Bystrica (SVK)",2022-07-29,,medley-relay,relays,female,u18,medley-relay,track,132.41,SVK,,2022
230,2:12.43,,Finland U18,,FIN,4h1,Baku (AZE),2019-07-26,,medley-relay,relays,female,u18,medley-relay,track,132.43,AZE,,2019
231,2:12.45,,Japan U18,,JPN,7f1,Ostrava (CZE),2007-07-15,,medley-relay,relays,female,u18,medley-relay,track,132.45,CZE,,2007
232,2:12.52,,Spain U18,,ESP,3h1,"Sidi Youssef Ben Ali, Marrakech (MAR)",2005-07-16,,medley-relay,relays,female,u18,medley-relay,track,132.52,MAR,,2005
233,2:12.56,,Slovenia U18,,SLO,4h1,Banská Bystrica (SVK),2024-07-20,,medley-relay,relays,female,u18,medley-relay,track,132.56,SVK,,2024
234,2:12.62,,Greece U18,,GRE,3h3,"Givat Ram Stadium, Jerusalem (ISR)",2022-07-06,,medley-relay,relays,female,u18,medley-relay,track,132.62,ISR,,2022
235,2:12.66,,Bahamas U18,,BAH,6f1,Sherbrooke (CAN),2003-07-13,,medley-relay,relays,female,u18,medley-relay,track,132.66,CAN,,2003
236,2:12.68,,Serbia U18,,SRB,4h3,"Bressanone, Trentino-Alto Adige (ITA)",2009-07-11,,medley-relay,relays,female,u18,medley-relay,track,132.68,ITA,,2009
236,2:12.68,,New Zealand U18,,NZL,3h3,Debrecen (HUN),2001-07-14,,medley-relay,relays,female,u18,medley-relay,track,132.68,HUN,,2001
238,2:12.69,,Bahamas U18,,BAH,4h1,Sherbrooke (CAN),2003-07-12,,medley-relay,relays,female,u18,medley-relay,track,132.69,CAN,,2003
239,2:12.70,,Austria U18,,AUT,7,"Olimpiai Sportpark, Győr (HUN)",2018-07-08,,medley-relay,relays,female,u18,medley-relay,track,132.7,HUN,,2018
240,2:12.71,,Japan U18,,JPN,5h1,Sherbrooke (CAN),2003-07-12,,medley-relay,relays,female,u18,medley-relay,track,132.71,CAN,,2003
241,2:12.72,,Switzerland U18,,SUI,2h2,"Olimpiai Sportpark, Győr (HUN)",2018-07-07,,medley-relay,relays,female,u18,medley-relay,track,132.72,HUN,,2018
241,2:12.72,,Croatia U18,,CRO,6h3,Banská Bystrica (SVK),2024-07-20,,medley-relay,relays,female,u18,medley-relay,track,132.72,SVK,,2024
243,2:12.76,,Japan U18,,JPN,2h1,Debrecen (HUN),2001-07-14,,medley-relay,relays,female,u18,medley-relay,track,132.76,HUN,,2001
243,2:12.76,,"Hong Kong, China U18",,HKG,3,Tashkent (UZB),2023-04-30,,medley-relay,relays,female,u18,medley-relay,track,132.76,UZB,,2023
245,2:12.83,,Ukraine U18,,UKR,1h2,"Zdzisław Krzyszkowiak Stadium, Bydgoszcz (POL)",1999-07-17,,medley-relay,relays,female,u18,medley-relay,track,132.83,POL,,1999
246,2:12.84,,Slovak Republic U18,,SVK,2,Budapest (HUN),2014-07-04,,medley-relay,relays,female,u18,medley-relay,track,132.84,HUN,,2014
247,2:12.85,,Morocco U18,,MAR,8f1,"Sidi Youssef Ben Ali, Marrakech (MAR)",2005-07-17,,medley-relay,relays,female,u18,medley-relay,track,132.85,MAR,,2005
248,2:12.87,,Romania U18,,ROU,7f1,"Givat Ram Stadium, Jerusalem (ISR)",2022-07-07,,medley-relay,relays,female,u18,medley-relay,track,132.87,ISR,,2022
249,2:12.89,,Canada U18,,CAN,4h1,"Sidi Youssef Ben Ali, Marrakech (MAR)",2005-07-16,,medley-relay,relays,female,u18,medley-relay,track,132.89,MAR,,2005
250,2:12.90,,Hunan Changsha Pilots Club,,CHN,2,"Shanxi Sports Center Stadium, Taiyuan (CHN)",2019-08-16,,medley-relay,relays,female,u18,medley-relay,track,132.9,CHN,,2019
251,2:12.93,,France U18,,FRA,5,"Štadión SNP, Banská Bystrica (SVK)",2022-07-30,,medley-relay,relays,female,u18,medley-relay,track,132.93,SVK,,2022
252,2:12.99,,Agram Zagreb U18,,CRO,,Čakovec (CRO),2008-07-20,,medley-relay,relays,female,u18,medley-relay,track,132.99,CRO,,2008
253,2:13.00,,New Zealand U18,,NZL,5h1,Donetsk (UKR),2013-07-13,,medley-relay,relays,female,u18,medley-relay,track,133.0,UKR,,2013
253,2:13.00,,Slovenia U18,,SLO,2h1,"New District Stadium, Tbilisi (GEO)",2016-07-16,,medley-relay,relays,female,u18,medley-relay,track,133.0,GEO,,2016
255,2:13.04,,Italy U18,,ITA,4h1,Ostrava (CZE),2007-07-14,,medley-relay,relays,female,u18,medley-relay,track,133.04,CZE,,2007
255,2:13.04,,Bahamas U18,,BAH,5h1,Ostrava (CZE),2007-07-14,,medley-relay,relays,female,u18,medley-relay,track,133.04,CZE,,2007
257,2:13.06,,Czech Republic U18,,CZE,1h2,"Štadión SNP, Banská Bystrica (SVK)",2022-07-29,,medley-relay,relays,female,u18,medley-relay,track,133.06,SVK,,2022
258,2:13.10,,Turkey U18,,TUR,5h2,"Atletski stadion Poljane, Maribor (SLO)",2023-07-28,,medley-relay,relays,female,u18,medley-relay,track,133.1,SLO,,2023
258,2:13.10,,Romania U18,,ROU,6,"Štadión SNP, Banská Bystrica (SVK)",2022-07-30,,medley-relay,relays,female,u18,medley-relay,track,133.1,SVK,,2022
260,2:13.11,,Ukraine U18,,UKR,5h1,Lille (FRA),2011-07-09,,medley-relay,relays,female,u18,medley-relay,track,133.11,FRA,,2011
260,2:13.11,,Portugal U18,,POR,5h1,Banská Bystrica (SVK),2024-07-20,,medley-relay,relays,female,u18,medley-relay,track,133.11,SVK,,2024
262,2:13.13,,Hungary U18,,HUN,1,Miskolc (HUN),2017-06-16,,medley-relay,relays,female,u18,medley-relay,track,133.13,HUN,,2017
263,2:13.17,,Slovenia U18,,SLO,6h2,Lille (FRA),2011-07-09,,medley-relay,relays,female,u18,medley-relay,track,133.17,FRA,,2011
263,2:13.17,,Switzerland U18,,SUI,5h1,"Atletski stadion Poljane, Maribor (SLO)",2023-07-28,,medley-relay,relays,female,u18,medley-relay,track,133.17,SLO,,2023
265,2:13.18,,Czech Republic U18,,CZE,1,Trnava (SVK),2015-06-06,,medley-relay,relays,female,u18,medley-relay,track,133.18,SVK,,2015
266,2:13.19,,Poland U18,,POL,2h2,"Štadión SNP, Banská Bystrica (SVK)",2022-07-29,,medley-relay,relays,female,u18,medley-relay,track,133.19,SVK,,2022
267,2:13.21,,Poland U18,,POL,3h2,Ostrava (CZE),2007-07-14,,medley-relay,relays,female,u18,medley-relay,track,133.21,CZE,,2007
268,2:13.24,,Greece U18,,GRE,5h3,"Atletski stadion Poljane, Maribor (SLO)",2023-07-28,,medley-relay,relays,female,u18,medley-relay,track,133.24,SLO,,2023
269,2:13.26,,Austria U18,,AUT,3h3,"Olimpiai Sportpark, Győr (HUN)",2018-07-07,,medley-relay,relays,female,u18,medley-relay,track,133.26,HUN,,2018
270,2:13.27,,Slovak Republic U18,,SVK,2,Hradec Králové (CZE),2013-06-08,,medley-relay,relays,female,u18,medley-relay,track,133.27,CZE,,2013
270,2:13.27,,Novosibirsk Region U18,,RUS,2,Chelyabinsk (RUS),2013-06-23,,medley-relay,relays,female,u18,medley-relay,track,133.27,RUS,,2013
270,2:13.27,,Slovak Republic U18,,SVK,3,"Štadión PFK, Piešťany (SVK)",2024-07-05,,medley-relay,relays,female,u18,medley-relay,track,133.27,SVK,,2024
273,2:13.36,,Enka Spor Istanbul U18,,TUR,1,"Denizli Geleneksel Spor Kompleksi, Denizli (TUR)",2022-06-19,,medley-relay,relays,female,u18,medley-relay,track,133.36,TUR,,2022
274,2:13.39,,Poland U18,,POL,3h2,"Olimpiai Sportpark, Győr (HUN)",2018-07-07,,medley-relay,relays,female,u18,medley-relay,track,133.39,HUN,,2018
275,2:13.43,,Hungary U18,,HUN,4h3,"Givat Ram Stadium, Jerusalem (ISR)",2022-07-06,,medley-relay,relays,female,u18,medley-relay,track,133.43,ISR,,2022
276,2:13.44,,South Africa U18,,RSA,3h2,Debrecen (HUN),2001-07-14,,medley-relay,relays,female,u18,medley-relay,track,133.44,HUN,,2001
277,2:13.45,,Lódzkie U18,,POL,1,"Akademicki Związek Sportowy, Łódź (POL)",2021-06-12,,medley-relay,relays,female,u18,medley-relay,track,133.45,POL,,2021
277,2:13.45,,Spain U18,,ESP,7,"Štadión SNP, Banská Bystrica (SVK)",2022-07-30,,medley-relay,relays,female,u18,medley-relay,track,133.45,SVK,,2022
279,2:13.47,,Slovak Republic U18,,SVK,4h3,Donetsk (UKR),2013-07-13,,medley-relay,relays,female,u18,medley-relay,track,133.47,UKR,,2013
280,2:13.51,,Romania U18,,ROU,7h3,Banská Bystrica (SVK),2024-07-20,,medley-relay,relays,female,u18,medley-relay,track,133.51,SVK,,2024
281,2:13.54,,Slovenia U18,,SLO,2,Miskolc (HUN),2017-06-16,,medley-relay,relays,female,u18,medley-relay,track,133.54,HUN,,2017
282,2:13.55,,Finland U18,,FIN,8h3,Banská Bystrica (SVK),2024-07-20,,medley-relay,relays,female,u18,medley-relay,track,133.55,SVK,,2024
283,2:13.56,,India U18,,IND,4h2,"Sidi Youssef Ben Ali, Marrakech (MAR)",2005-07-16,,medley-relay,relays,female,u18,medley-relay,track,133.56,MAR,,2005
284,2:13.57,,Switzerland U18,,SUI,8,"Olimpiai Sportpark, Győr (HUN)",2018-07-08,,medley-relay,relays,female,u18,medley-relay,track,133.57,HUN,,2018
284,2:13.57,,PR of China U18,,CHN,4,Tashkent (UZB),2023-04-30,,medley-relay,relays,female,u18,medley-relay,track,133.57,UZB,,2023
286,2:13.59,,"MLADOST I, Zagreb",,CRO,1f2,"Stadion SRC Mladost, Čakovec (CRO)",2024-06-16,,medley-relay,relays,female,u18,medley-relay,track,133.59,CRO,,2024
287,2:13.60,,Slovak Republic U18,,SVK,5h1,Baku (AZE),2019-07-26,,medley-relay,relays,female,u18,medley-relay,track,133.6,AZE,,2019
288,2:13.63,,Bahamas U18,,BAH,5h3,Donetsk (UKR),2013-07-13,,medley-relay,relays,female,u18,medley-relay,track,133.63,UKR,,2013
289,2:13.64,,Ireland U18,,IRL,4h3,"Olimpiai Sportpark, Győr (HUN)",2018-07-07,,medley-relay,relays,female,u18,medley-relay,track,133.64,HUN,,2018
289,2:13.64,,Czech Republic U18,,CZE,3,Miskolc (HUN),2017-06-16,,medley-relay,relays,female,u18,medley-relay,track,133.64,HUN,,2017
291,2:13.66,,Hungary U18,,HUN,2h3,"Štadión SNP, Banská Bystrica (SVK)",2022-07-29,,medley-relay,relays,female,u18,medley-relay,track,133.66,SVK,,2022
292,2:13.68,,Serbia and Montenegro U18,,SCG,4h3,"Sidi Youssef Ben Ali, Marrakech (MAR)",2005-07-16,,medley-relay,relays,female,u18,medley-relay,track,133.68,MAR,,2005
293,2:13.69,,Hungary U18,,HUN,8f1,"Zdzisław Krzyszkowiak Stadium, Bydgoszcz (POL)",1999-07-18,,medley-relay,relays,female,u18,medley-relay,track,133.69,POL,,1999
294,2:13.71,,Slovak Republic U18,,SVK,2,Trnava (SVK),2015-06-06,,medley-relay,relays,female,u18,medley-relay,track,133.71,SVK,,2015
295,2:13.75,,Sweden U18,,SWE,4h2,"Olimpiai Sportpark, Győr (HUN)",2018-07-07,,medley-relay,relays,female,u18,medley-relay,track,133.75,HUN,,2018
296,2:13.81,,Brazil U18,,BRA,2h2,"Zdzisław Krzyszkowiak Stadium, Bydgoszcz (POL)",1999-07-17,,medley-relay,relays,female,u18,medley-relay,track,133.81,POL,,1999
297,2:13.85,,Botswana U18,,BOT,6h1,Donetsk (UKR),2013-07-13,,medley-relay,relays,female,u18,medley-relay,track,133.85,UKR,,2013
298,2:13.88,,Kirovsk Region U18,,RUS,3,Chelyabinsk (RUS),2013-06-23,,medley-relay,relays,female,u18,medley-relay,track,133.88,RUS,,2013
299,2:13.90,,Enka Spor Istanbul U18,,TUR,1,Mersin (TUR),2021-08-27,,medley-relay,relays,female,u18,medley-relay,track,133.9,TUR,,2021
300,2:13.96,,Oceania U18,,INT,4,Singapore (SGP),2010-08-23,,medley-relay,relays,female,u18,medley-relay,track,133.96,SGP,,2010
300,2:13.96,,Slovenia U18,,SLO,2h3,"Zdzisław Krzyszkowiak Stadium, Bydgoszcz (POL)",1999-07-17,,medley-relay,relays,female,u18,medley-relay,track,133.96,POL,,1999
302,2:13.99,,France U18,,FRA,3h1,"New District Stadium, Tbilisi (GEO)",2016-07-16,,medley-relay,relays,female,u18,medley-relay,track,133.99,GEO,,2016
303,2:14.06,,Finland U18,,FIN,5h2,"Olimpiai Sportpark, Győr (HUN)",2018-07-07,,medley-relay,relays,female,u18,medley-relay,track,134.06,HUN,,2018
303,2:14.06,,Denmark U18,,DEN,6h1,"Atletski stadion Poljane, Maribor (SLO)",2023-07-28,,medley-relay,relays,female,u18,medley-relay,track,134.06,SLO,,2023
305,2:14.09,,Slovenia U18,,SLO,6h3,Donetsk (UKR),2013-07-13,,medley-relay,relays,female,u18,medley-relay,track,134.09,UKR,,2013
305,2:14.09,,Lódzkie U18,,POL,1f1,"Akademicki Związek Sportowy, Łódź (POL)",2020-10-03,,medley-relay,relays,female,u18,medley-relay,track,134.09,POL,,2020
307,2:14.10,,Switzerland U18,,SUI,4h2,"Givat Ram Stadium, Jerusalem (ISR)",2022-07-06,,medley-relay,relays,female,u18,medley-relay,track,134.1,ISR,,2022
308,2:14.12,,Romania U18,,ROU,1h1,"Štadión SNP, Banská Bystrica (SVK)",2022-07-29,,medley-relay,relays,female,u18,medley-relay,track,134.12,SVK,,2022
309,2:14.13,,Lódzkie U18,,POL,1,"Stadion 650-lecia, Słupsk (POL)",2023-05-13,,medley-relay,relays,female,u18,medley-relay,track,134.13,POL,,2023
310,2:14.14,,Hubei Province Wuhan City Sports School Youth Sports Club,,CHN,3,"Shanxi Sports Center Stadium, Taiyuan (CHN)",2019-08-16,,medley-relay,relays,female,u18,medley-relay,track,134.14,CHN,,2019
311,2:14.17,,Czech Republic U18,,CZE,3h2,"New District Stadium, Tbilisi (GEO)",2016-07-16,,medley-relay,relays,female,u18,medley-relay,track,134.17,GEO,,2016
312,2:14.18,,Turkey U18,,TUR,5h2,"Givat Ram Stadium, Jerusalem (ISR)",2022-07-06,,medley-relay,relays,female,u18,medley-relay,track,134.18,ISR,,2022
312,2:14.18,,Slovenia U18,,SLO,4,"Mestni stadion, Ptuj (SLO)",2023-06-11,,medley-relay,relays,female,u18,medley-relay,track,134.18,SLO,,2023
314,2:14.20,,Austria U18,,AUT,6h2,"Atletski stadion Poljane, Maribor (SLO)",2023-07-28,,medley-relay,relays,female,u18,medley-relay,track,134.2,SLO,,2023
315,2:14.21,,Hungary U18,,HUN,3,Budapest (HUN),2014-07-04,,medley-relay,relays,female,u18,medley-relay,track,134.21,HUN,,2014
316,2:14.24,,Slovenia U18,,SLO,3,Trnava (SVK),2015-06-06,,medley-relay,relays,female,u18,medley-relay,track,134.24,SVK,,2015
317,2:14.25,,"Hongao Youth Sports Club in Wuhu City , Anhui Province",,CHN,4,"Shanxi Sports Center Stadium, Taiyuan (CHN)",2019-08-16,,medley-relay,relays,female,u18,medley-relay,track,134.25,CHN,,2019
318,2:14.26,,Luxembourg U18,,LUX,6h2,Banská Bystrica (SVK),2024-07-20,,medley-relay,relays,female,u18,medley-relay,track,134.26,SVK,,2024
319,2:14.31,,Volgogradskaya Region U18,,RUS,4,Chelyabinsk (RUS),2013-06-23,,medley-relay,relays,female,u18,medley-relay,track,134.31,RUS,,2013
320,2:14.37,,"AGRAM I , Zagreb",,CRO,1f2,"Stadion Branko Čavlović-Čavlek, Karlovac (CRO)",2023-06-04,,medley-relay,relays,female,u18,medley-relay,track,134.37,CRO,,2023
321,2:14.38,,Thailand U18,,THA,2,Al-Kuwait (KUW),2022-10-16,,medley-relay,relays,female,u18,medley-relay,track,134.38,KUW,,2022
322,2:14.40,,Belarus U18,,BLR,4h1,"Olimpiai Sportpark, Győr (HUN)",2018-07-07,,medley-relay,relays,female,u18,medley-relay,track,134.4,HUN,,2018
323,2:14.43,,Turkey U18,,TUR,3h2,Baku (AZE),2019-07-26,,medley-relay,relays,female,u18,medley-relay,track,134.43,AZE,,2019
324,2:14.44,,Czech Republic U18,,CZE,4h2,Debrecen (HUN),2001-07-14,,medley-relay,relays,female,u18,medley-relay,track,134.44,HUN,,2001
325,2:14.46,,Czech Republic U18,,CZE,1,"Bregyó Athletic Center, Székesfehérvár (HUN)",2022-06-29,,medley-relay,relays,female,u18,medley-relay,track,134.46,HUN,,2022
326,2:14.52,,Croatia U18,,CRO,3h1,Debrecen (HUN),2001-07-14,,medley-relay,relays,female,u18,medley-relay,track,134.52,HUN,,2001
327,2:14.53,,Kazakhstan U18,,KAZ,5h3,"Bressanone, Trentino-Alto Adige (ITA)",2009-07-11,,medley-relay,relays,female,u18,medley-relay,track,134.53,ITA,,2009
327,2:14.53,,Tunisia U18,,TUN,,Algiers (ALG),2010-05-21,,medley-relay,relays,female,u18,medley-relay,track,134.53,ALG,,2010
329,2:14.54,,Ukraine U18,,UKR,3h2,Donetsk (UKR),2013-07-13,,medley-relay,relays,female,u18,medley-relay,track,134.54,UKR,,2013
329,2:14.54,,Austria U18,,AUT,8,"Štadión SNP, Banská Bystrica (SVK)",2022-07-30,,medley-relay,relays,female,u18,medley-relay,track,134.54,SVK,,2022
331,2:14.57,,Sparta U18,,DEN,1,Hvidovre (DEN),2015-08-22,,medley-relay,relays,female,u18,medley-relay,track,134.57,DEN,,2015
331,2:14.57,,Mexico U18,,MEX,3h2,Sherbrooke (CAN),2003-07-12,,medley-relay,relays,female,u18,medley-relay,track,134.57,CAN,,2003
333,2:14.61,,Italy U18,,ITA,4h2,Sherbrooke (CAN),2003-07-12,,medley-relay,relays,female,u18,medley-relay,track,134.61,CAN,,2003
333,2:14.61,,"AGRAM I , Zagreb",,CRO,2f2,"Stadion SRC Mladost, Čakovec (CRO)",2024-06-16,,medley-relay,relays,female,u18,medley-relay,track,134.61,CRO,,2024
335,2:14.70,,Hungary U18,,HUN,2,Trnava (SVK),2019-07-13,,medley-relay,relays,female,u18,medley-relay,track,134.7,SVK,,2019
336,2:14.71,,Hungary U18,,HUN,3h3,"Zdzisław Krzyszkowiak Stadium, Bydgoszcz (POL)",1999-07-17,,medley-relay,relays,female,u18,medley-relay,track,134.71,POL,,1999
337,2:14.73,,Serbia U18,,SRB,5h3,"Olimpiai Sportpark, Győr (HUN)",2018-07-07,,medley-relay,relays,female,u18,medley-relay,track,134.73,HUN,,2018
338,2:14.76,,France U18,,FRA,2h1,"Štadión SNP, Banská Bystrica (SVK)",2022-07-29,,medley-relay,relays,female,u18,medley-relay,track,134.76,SVK,,2022
339,2:14.79,,Śląskie U18,,POL,2,"Stadion 650-lecia, Słupsk (POL)",2023-05-13,,medley-relay,relays,female,u18,medley-relay,track,134.79,POL,,2023
339,2:14.79,,Austria U18,,AUT,5h3,"Givat Ram Stadium, Jerusalem (ISR)",2022-07-06,,medley-relay,relays,female,u18,medley-relay,track,134.79,ISR,,2022
341,2:14.85,,Croatia U18,,CRO,6h3,"Givat Ram Stadium, Jerusalem (ISR)",2022-07-06,,medley-relay,relays,female,u18,medley-relay,track,134.85,ISR,,2022
342,2:14.87,,Dolnośląskie U18,,POL,2,"Akademicki Związek Sportowy, Łódź (POL)",2021-06-12,,medley-relay,relays,female,u18,medley-relay,track,134.87,POL,,2021
343,2:14.88,,British Virgin Islands U18,,IVB,4h2,Ostrava (CZE),2007-07-14,,medley-relay,relays,female,u18,medley-relay,track,134.88,CZE,,2007
